Actual_Contamination_Risk,Predicted_Contamination_Risk
1,1
0,0
1,1
0,0
1,1
0,0
0,0
0,0
1,1
0,0
1,1
0,0
0,0
1,1
1,1
1,1
0,0
0,0
1,1
0,0
0,0
1,1
0,0
0,0
1,0
0,0
1,1
0,0
0,0
0,0
1,1
0,0
0,0
1,1
1,1
0,0
0,0
0,0
1,1
1,0
0,0
0,0
0,0
0,0
1,1
0,0
0,0
0,0
1,1
0,0
0,0
0,0
1,1
0,0
0,0
0,0
1,1
1,1
0,0
0,0
0,0
0,0
0,0
0,0
1,1
0,0
1,1
0,0
0,0
0,0
0,0
0,0
0,0
0,0
0,0
0,0
0,0
0,0
0,0
0,0
0,0
1,1
0,0
0,0
0,0
0,0
0,0
0,0
1,1
0,0
1,1
1,1
0,0
0,0
0,0
1,1
0,0
0,0
0,0
0,0
0,0
0,0
1,1
0,0
0,0
0,0
0,0
1,1
1,1
0,0
0,0
0,0
1,1
0,0
0,0
1,1
1,1
0,0
1,1
1,1
0,0
1,1
0,0
0,0
0,0
1,1
0,0
0,0
0,0
0,0
1,1
0,0
0,0
0,0
0,0
0,0
0,0
0,0
0,0
1,1
1,1
0,0
0,0
0,0
0,0
0,0
1,1
0,0
0,0
0,0
0,0
0,0
0,0
0,0
0,0
0,0
1,1
0,0
0,0
0,0
0,0
0,0
0,0
0,0
0,0
0,0
0,0
0,0
0,0
0,0
0,0
0,0
0,0
0,0
0,0
0,0
0,0
0,0
0,0
1,1
0,0
0,0
0,0
0,0
0,0
1,1
0,0
1,0
1,1
0,0
0,0
0,0
0,0
1,1
0,0
0,0
0,0
1,1
0,0
0,0
